path,user,test,no_para,are_timestamps_distinct,initial_rows,final_rows,dropped_rows
/root/autodl-tmp/EEG/src/Dissertation/Experiment Anonymised Version/User024a_Group_Test_11-09-2019--13-23-55/User024b_test15_BDS_15_11-09-2019/User024b_test15_BDS_15_11-09-2019_recording0,24,15,5,TRUE,11291,7242,4049
/root/autodl-tmp/EEG/src/Dissertation/Experiment Anonymised Version/User024a_Group_Test_11-09-2019--13-23-55/User024b_test13_BES_13_11-09-2019/User024b_test13_BES_13_11-09-2019_recording0,24,13,5,TRUE,11021,9556,1465
/root/autodl-tmp/EEG/src/Dissertation/Experiment Anonymised Version/User024a_Group_Test_11-09-2019--13-23-55/User024b_test12_IES_12_11-09-2019/User024b_test12_IES_12_11-09-2019_recording0,24,12,5,TRUE,8709,7223,1486
/root/autodl-tmp/EEG/src/Dissertation/Experiment Anonymised Version/User024a_Group_Test_11-09-2019--13-23-55/User024b_test14_IDS_14_11-09-2019/User024b_test14_IDS_14_11-09-2019_recording0,24,14,5,TRUE,9366,8011,1355
/root/autodl-tmp/EEG/src/Dissertation/Experiment Anonymised Version/User024a_Group_Test_11-09-2019--13-23-55/User024c_test1_BET_01_11-09-2019/User024c_test1_BET_01_11-09-2019_recording0,24,1,5,TRUE,7188,5405,1783
/root/autodl-tmp/EEG/src/Dissertation/Experiment Anonymised Version/User024a_Group_Test_11-09-2019--13-23-55/User024d_test4_IES_04_11-09-2019/User024d_test4_IES_04_11-09-2019_recording0,24,4,5,TRUE,8180,6034,2146
/root/autodl-tmp/EEG/src/Dissertation/Experiment Anonymised Version/User024a_Group_Test_11-09-2019--13-23-55/User024a_test11_BDT_11_11-09-2019/User024a_test11_BDT_11_11-09-2019_recording0,24,11,5,TRUE,8680,7622,1058
/root/autodl-tmp/EEG/src/Dissertation/Experiment Anonymised Version/User024a_Group_Test_11-09-2019--13-23-55/User024d_test7_BDS_07_11-09-2019/User024d_test7_BDS_07_11-09-2019_recording0,24,7,5,TRUE,6137,4743,1394
/root/autodl-tmp/EEG/src/Dissertation/Experiment Anonymised Version/User024a_Group_Test_11-09-2019--13-23-55/User024c_test2_IDT_02_11-09-2019/User024c_test2_IDT_02_11-09-2019_recording0,24,2,5,TRUE,7050,5369,1681
/root/autodl-tmp/EEG/src/Dissertation/Experiment Anonymised Version/User024a_Group_Test_11-09-2019--13-23-55/User024d_test5_BES_05_11-09-2019/User024d_test5_BES_05_11-09-2019_recording0,24,5,5,TRUE,7487,5470,2017
/root/autodl-tmp/EEG/src/Dissertation/Experiment Anonymised Version/User024a_Group_Test_11-09-2019--13-23-55/User024c_test0_IET_00_11-09-2019/User024c_test0_IET_00_11-09-2019_recording0,24,0,5,TRUE,9041,7042,1999
/root/autodl-tmp/EEG/src/Dissertation/Experiment Anonymised Version/User024a_Group_Test_11-09-2019--13-23-55/User024c_test3_BDT_03_11-09-2019/User024c_test3_BDT_03_11-09-2019_recording0,24,3,5,TRUE,3955,3256,699
/root/autodl-tmp/EEG/src/Dissertation/Experiment Anonymised Version/User024a_Group_Test_11-09-2019--13-23-55/User024d_test6_IDS_06_11-09-2019/User024d_test6_IDS_06_11-09-2019_recording0,24,6,5,TRUE,7561,5820,1741
/root/autodl-tmp/EEG/src/Dissertation/Experiment Anonymised Version/User024a_Group_Test_11-09-2019--13-23-55/User024a_test10_IDT_10_11-09-2019/User024a_test10_IDT_10_11-09-2019_recording0,24,10,5,TRUE,9701,8458,1243
/root/autodl-tmp/EEG/src/Dissertation/Experiment Anonymised Version/User024a_Group_Test_11-09-2019--13-23-55/User024a_test8_IET_08_11-09-2019/User024a_test8_IET_08_11-09-2019_recording0,24,8,5,TRUE,10655,9433,1222
/root/autodl-tmp/EEG/src/Dissertation/Experiment Anonymised Version/User024a_Group_Test_11-09-2019--13-23-55/User024a_test9_BET_09_11-09-2019/User024a_test9_BET_09_11-09-2019_recording0,24,9,5,TRUE,10105,8968,1137
/root/autodl-tmp/EEG/src/Dissertation/Experiment Anonymised Version/User008a_Group_Test_03-09-2019--13-13-00/User008b_test7_BDS_07_03-09-2019/User008b_test7_BDS_07_03-09-2019_recording0,8,7,5,TRUE,14922,11992,2930
/root/autodl-tmp/EEG/src/Dissertation/Experiment Anonymised Version/User008a_Group_Test_03-09-2019--13-13-00/User008a_test1_BET_01_03-09-2019/User008a_test1_BET_01_03-09-2019_recording0,8,1,5,TRUE,13114,7484,5630
/root/autodl-tmp/EEG/src/Dissertation/Experiment Anonymised Version/User008a_Group_Test_03-09-2019--13-13-00/User008a_test2_IDT_02_03-09-2019/User008a_test2_IDT_02_03-09-2019_recording0,8,2,5,TRUE,15807,9985,5822
/root/autodl-tmp/EEG/src/Dissertation/Experiment Anonymised Version/User008a_Group_Test_03-09-2019--13-13-00/User008b_test4_IES_04_03-09-2019/User008b_test4_IES_04_03-09-2019_recording0,8,4,5,TRUE,22781,20340,2441
/root/autodl-tmp/EEG/src/Dissertation/Experiment Anonymised Version/User008a_Group_Test_03-09-2019--13-13-00/User008d_test12_IES_12_03-09-2019/User008d_test12_IES_12_03-09-2019_recording0,8,12,5,TRUE,17206,12655,4551
/root/autodl-tmp/EEG/src/Dissertation/Experiment Anonymised Version/User008a_Group_Test_03-09-2019--13-13-00/User008d_test14_IDS_14_03-09-2019/User008d_test14_IDS_14_03-09-2019_recording0,8,14,5,TRUE,17013,12523,4490
/root/autodl-tmp/EEG/src/Dissertation/Experiment Anonymised Version/User008a_Group_Test_03-09-2019--13-13-00/User008a_test0_IET_00_03-09-2019/User008a_test0_IET_00_03-09-2019_recording0,8,0,5,TRUE,15149,12930,2219
/root/autodl-tmp/EEG/src/Dissertation/Experiment Anonymised Version/User008a_Group_Test_03-09-2019--13-13-00/User008b_test6_IDS_06_03-09-2019/User008b_test6_IDS_06_03-09-2019_recording0,8,6,5,TRUE,21032,18748,2284
/root/autodl-tmp/EEG/src/Dissertation/Experiment Anonymised Version/User008a_Group_Test_03-09-2019--13-13-00/User008d_test15_BDS_15_03-09-2019/User008d_test15_BDS_15_03-09-2019_recording0,8,15,5,TRUE,15862,13599,2263
/root/autodl-tmp/EEG/src/Dissertation/Experiment Anonymised Version/User008a_Group_Test_03-09-2019--13-13-00/User008d_test13_BES_13_03-09-2019/User008d_test13_BES_13_03-09-2019_recording0,8,13,5,TRUE,16116,13375,2741
/root/autodl-tmp/EEG/src/Dissertation/Experiment Anonymised Version/User008a_Group_Test_03-09-2019--13-13-00/User008b_test5_BES_05_03-09-2019/User008b_test5_BES_05_03-09-2019_recording0,8,5,5,TRUE,30039,24733,5306
/root/autodl-tmp/EEG/src/Dissertation/Experiment Anonymised Version/User008a_Group_Test_03-09-2019--13-13-00/User008a_test3_BDT_03_03-09-2019/User008a_test3_BDT_03_03-09-2019_recording0,8,3,5,TRUE,13014,6456,6558
/root/autodl-tmp/EEG/src/Dissertation/Experiment Anonymised Version/User008a_Group_Test_03-09-2019--13-13-00/User008c_test11_BDT_11_03-09-2019/User008c_test11_BDT_11_03-09-2019_recording0,8,11,5,TRUE,12484,10746,1738
/root/autodl-tmp/EEG/src/Dissertation/Experiment Anonymised Version/User008a_Group_Test_03-09-2019--13-13-00/User008c_test10_IDT_10_03-09-2019/User008c_test10_IDT_10_03-09-2019_recording0,8,10,5,TRUE,16688,14243,2445
/root/autodl-tmp/EEG/src/Dissertation/Experiment Anonymised Version/User008a_Group_Test_03-09-2019--13-13-00/User008c_test8_IET_08_03-09-2019/User008c_test8_IET_08_03-09-2019_recording0,8,8,5,TRUE,22898,18097,4801
/root/autodl-tmp/EEG/src/Dissertation/Experiment Anonymised Version/User008a_Group_Test_03-09-2019--13-13-00/User008c_test9_BET_09_03-09-2019/User008c_test9_BET_09_03-09-2019_recording0,8,9,5,TRUE,16801,14413,2388
/root/autodl-tmp/EEG/src/Dissertation/Experiment Anonymised Version/User003_Group_Test_30-08-2019--15-16-35/User003D_test15_BDS_15_30-08-2019/User003D_test15_BDS_15_30-08-2019_recording0,3,15,5,TRUE,14790,13823,967
/root/autodl-tmp/EEG/src/Dissertation/Experiment Anonymised Version/User003_Group_Test_30-08-2019--15-16-35/User003C_test14_IDS_14_30-08-2019/User003C_test14_IDS_14_30-08-2019_recording0,3,14,5,TRUE,4217,3820,397
/root/autodl-tmp/EEG/src/Dissertation/Experiment Anonymised Version/User003_Group_Test_30-08-2019--15-16-35/User003_test1_BET_01_30-08-2019/User003_test1_BET_01_30-08-2019_recording0,3,1,5,TRUE,11571,9849,1722
/root/autodl-tmp/EEG/src/Dissertation/Experiment Anonymised Version/User003_Group_Test_30-08-2019--15-16-35/User003C_test12_IES_12_30-08-2019/User003C_test12_IES_12_30-08-2019_recording0,3,12,5,TRUE,5159,4775,384
/root/autodl-tmp/EEG/src/Dissertation/Experiment Anonymised Version/User003_Group_Test_30-08-2019--15-16-35/User003_test2_IDT_02_30-08-2019/User003_test2_IDT_02_30-08-2019_recording0,3,2,5,TRUE,9572,9427,145
/root/autodl-tmp/EEG/src/Dissertation/Experiment Anonymised Version/User003_Group_Test_30-08-2019--15-16-35/User003C_test13_BES_13_30-08-2019/User003C_test13_BES_13_30-08-2019_recording0,3,13,5,TRUE,5127,4678,449
/root/autodl-tmp/EEG/src/Dissertation/Experiment Anonymised Version/User003_Group_Test_30-08-2019--15-16-35/User003_test0_IET_00_30-08-2019/User003_test0_IET_00_30-08-2019_recording0,3,0,5,TRUE,10155,9995,160
/root/autodl-tmp/EEG/src/Dissertation/Experiment Anonymised Version/User003_Group_Test_30-08-2019--15-16-35/User003_test3_BDT_03_30-08-2019/User003_test3_BDT_03_30-08-2019_recording0,3,3,5,TRUE,13287,13117,170
/root/autodl-tmp/EEG/src/Dissertation/Experiment Anonymised Version/User003_Group_Test_30-08-2019--15-16-35/User003C_test10_IDT_10_30-08-2019/User003C_test10_IDT_10_30-08-2019_recording0,3,10,5,TRUE,12867,12208,659
/root/autodl-tmp/EEG/src/Dissertation/Experiment Anonymised Version/User003_Group_Test_30-08-2019--15-16-35/User003C_test9_BET_09_30-08-2019/User003C_test9_BET_09_30-08-2019_recording0,3,9,5,TRUE,14778,13756,1022
/root/autodl-tmp/EEG/src/Dissertation/Experiment Anonymised Version/User003_Group_Test_30-08-2019--15-16-35/User003C_test11_BDT_11_30-08-2019/User003C_test11_BDT_11_30-08-2019_recording0,3,11,5,TRUE,16687,13837,2850
/root/autodl-tmp/EEG/src/Dissertation/Experiment Anonymised Version/User003_Group_Test_30-08-2019--15-16-35/User003B_test7_BDS_07_30-08-2019/User003B_test7_BDS_07_30-08-2019_recording0,3,7,5,TRUE,6669,6327,342
/root/autodl-tmp/EEG/src/Dissertation/Experiment Anonymised Version/User003_Group_Test_30-08-2019--15-16-35/User003B_test4_IES_04_30-08-2019/User003B_test4_IES_04_30-08-2019_recording0,3,4,5,TRUE,5648,5272,376
/root/autodl-tmp/EEG/src/Dissertation/Experiment Anonymised Version/User003_Group_Test_30-08-2019--15-16-35/User003B_test6_IDS_06_30-08-2019/User003B_test6_IDS_06_30-08-2019_recording0,3,6,5,TRUE,6798,6460,338
/root/autodl-tmp/EEG/src/Dissertation/Experiment Anonymised Version/User003_Group_Test_30-08-2019--15-16-35/User003B_test8_IET_08_30-08-2019/User003B_test8_IET_08_30-08-2019_recording0,3,8,5,TRUE,5607,5351,256
/root/autodl-tmp/EEG/src/Dissertation/Experiment Anonymised Version/User003_Group_Test_30-08-2019--15-16-35/User003B_test5_BES_05_30-08-2019/User003B_test5_BES_05_30-08-2019_recording0,3,5,5,TRUE,12988,12666,322
/root/autodl-tmp/EEG/src/Dissertation/Experiment Anonymised Version/User009a_Group_Test_03-09-2019--15-30-19/User009c_test10_IDT_10_03-09-2019/User009c_test10_IDT_10_03-09-2019_recording0,9,10,5,TRUE,17821,16982,839
/root/autodl-tmp/EEG/src/Dissertation/Experiment Anonymised Version/User009a_Group_Test_03-09-2019--15-30-19/User009c_test11_BDT_11_03-09-2019/User009c_test11_BDT_11_03-09-2019_recording0,9,11,5,TRUE,21444,20652,792
/root/autodl-tmp/EEG/src/Dissertation/Experiment Anonymised Version/User009a_Group_Test_03-09-2019--15-30-19/User009b_test4_IES_04_03-09-2019/User009b_test4_IES_04_03-09-2019_recording0,9,4,5,TRUE,18099,17759,340
/root/autodl-tmp/EEG/src/Dissertation/Experiment Anonymised Version/User009a_Group_Test_03-09-2019--15-30-19/User009a_test2_IDT_02_03-09-2019/User009a_test2_IDT_02_03-09-2019_recording0,9,2,5,TRUE,16148,15978,170
/root/autodl-tmp/EEG/src/Dissertation/Experiment Anonymised Version/User009a_Group_Test_03-09-2019--15-30-19/User009d_test13_BES_13_03-09-2019/User009d_test13_BES_13_03-09-2019_recording0,9,13,5,TRUE,14884,14032,852
/root/autodl-tmp/EEG/src/Dissertation/Experiment Anonymised Version/User009a_Group_Test_03-09-2019--15-30-19/User009a_test1_BET_01_03-09-2019/User009a_test1_BET_01_03-09-2019_recording0,9,1,5,TRUE,19211,19047,164
/root/autodl-tmp/EEG/src/Dissertation/Experiment Anonymised Version/User009a_Group_Test_03-09-2019--15-30-19/User009d_test15_BDS_15_03-09-2019/User009d_test15_BDS_15_03-09-2019_recording0,9,15,5,TRUE,14674,14028,646
/root/autodl-tmp/EEG/src/Dissertation/Experiment Anonymised Version/User009a_Group_Test_03-09-2019--15-30-19/User009b_test7_BDS_07_03-09-2019/User009b_test7_BDS_07_03-09-2019_recording0,9,7,5,TRUE,17744,17382,362
/root/autodl-tmp/EEG/src/Dissertation/Experiment Anonymised Version/User009a_Group_Test_03-09-2019--15-30-19/User009a_test3_BDT_03_03-09-2019/User009a_test3_BDT_03_03-09-2019_recording0,9,3,5,TRUE,12460,12379,81
/root/autodl-tmp/EEG/src/Dissertation/Experiment Anonymised Version/User009a_Group_Test_03-09-2019--15-30-19/User009b_test5_BES_05_03-09-2019/User009b_test5_BES_05_03-09-2019_recording0,9,5,5,TRUE,23479,23182,297
/root/autodl-tmp/EEG/src/Dissertation/Experiment Anonymised Version/User009a_Group_Test_03-09-2019--15-30-19/User009b_test6_IDS_06_03-09-2019/User009b_test6_IDS_06_03-09-2019_recording0,9,6,5,TRUE,20474,20100,374
/root/autodl-tmp/EEG/src/Dissertation/Experiment Anonymised Version/User009a_Group_Test_03-09-2019--15-30-19/User009d_test14_IDS_14_03-09-2019/User009d_test14_IDS_14_03-09-2019_recording0,9,14,5,TRUE,13387,12546,841
/root/autodl-tmp/EEG/src/Dissertation/Experiment Anonymised Version/User009a_Group_Test_03-09-2019--15-30-19/User009a_test0_IET_00_03-09-2019/User009a_test0_IET_00_03-09-2019_recording0,9,0,5,TRUE,13125,13016,109
/root/autodl-tmp/EEG/src/Dissertation/Experiment Anonymised Version/User009a_Group_Test_03-09-2019--15-30-19/User009d_test12_IES_12_03-09-2019/User009d_test12_IES_12_03-09-2019_recording0,9,12,5,TRUE,15464,14613,851
/root/autodl-tmp/EEG/src/Dissertation/Experiment Anonymised Version/User009a_Group_Test_03-09-2019--15-30-19/User009c_test8_IET_08_03-09-2019/User009c_test8_IET_08_03-09-2019_recording0,9,8,5,TRUE,20651,20086,565
/root/autodl-tmp/EEG/src/Dissertation/Experiment Anonymised Version/User009a_Group_Test_03-09-2019--15-30-19/User009c_test9_BET_09_03-09-2019/User009c_test9_BET_09_03-09-2019_recording0,9,9,5,TRUE,17710,17140,570
/root/autodl-tmp/EEG/src/Dissertation/Experiment Anonymised Version/User007a_Group_Test_03-09-2019--10-01-39/User007a_test2_IDT_02_03-09-2019/User007a_test2_IDT_02_03-09-2019_recording0,7,2,5,TRUE,12097,11758,339
/root/autodl-tmp/EEG/src/Dissertation/Experiment Anonymised Version/User007a_Group_Test_03-09-2019--10-01-39/User007b_test4_IES_04_03-09-2019/User007b_test4_IES_04_03-09-2019_recording0,7,4,5,TRUE,15098,14594,504
/root/autodl-tmp/EEG/src/Dissertation/Experiment Anonymised Version/User007a_Group_Test_03-09-2019--10-01-39/User007b_test7_BDS_07_03-09-2019/User007b_test7_BDS_07_03-09-2019_recording0,7,7,5,TRUE,10851,10497,354
/root/autodl-tmp/EEG/src/Dissertation/Experiment Anonymised Version/User007a_Group_Test_03-09-2019--10-01-39/User007a_test1_BET_01_03-09-2019/User007a_test1_BET_01_03-09-2019_recording0,7,1,5,TRUE,13195,12974,221
/root/autodl-tmp/EEG/src/Dissertation/Experiment Anonymised Version/User007a_Group_Test_03-09-2019--10-01-39/User007b_test5_BES_05_03-09-2019/User007b_test5_BES_05_03-09-2019_recording0,7,5,5,TRUE,14515,14015,500
/root/autodl-tmp/EEG/src/Dissertation/Experiment Anonymised Version/User007a_Group_Test_03-09-2019--10-01-39/User007a_test3_BDT_03_03-09-2019/User007a_test3_BDT_03_03-09-2019_recording0,7,3,5,TRUE,12883,11361,1522
/root/autodl-tmp/EEG/src/Dissertation/Experiment Anonymised Version/User007a_Group_Test_03-09-2019--10-01-39/User007a_test0_IET_00_03-09-2019/User007a_test0_IET_00_03-09-2019_recording0,7,0,5,TRUE,10362,9811,551
/root/autodl-tmp/EEG/src/Dissertation/Experiment Anonymised Version/User007a_Group_Test_03-09-2019--10-01-39/User007b_test6_IDS_06_03-09-2019/User007b_test6_IDS_06_03-09-2019_recording0,7,6,5,TRUE,6876,6504,372
/root/autodl-tmp/EEG/src/Dissertation/Experiment Anonymised Version/User007a_Group_Test_03-09-2019--10-01-39/User007d_test13_BES_13_03-09-2019/User007d_test13_BES_13_03-09-2019_recording0,7,13,5,TRUE,13945,12982,963
/root/autodl-tmp/EEG/src/Dissertation/Experiment Anonymised Version/User007a_Group_Test_03-09-2019--10-01-39/User007d_test15_BDS_15_03-09-2019/User007d_test15_BDS_15_03-09-2019_recording0,7,15,5,TRUE,11092,10134,958
/root/autodl-tmp/EEG/src/Dissertation/Experiment Anonymised Version/User007a_Group_Test_03-09-2019--10-01-39/User007d_test14_IDS_14_03-09-2019/User007d_test14_IDS_14_03-09-2019_recording0,7,14,5,TRUE,13758,12978,780
/root/autodl-tmp/EEG/src/Dissertation/Experiment Anonymised Version/User007a_Group_Test_03-09-2019--10-01-39/User007d_test12_IES_12_03-09-2019/User007d_test12_IES_12_03-09-2019_recording0,7,12,5,TRUE,10826,9951,875
/root/autodl-tmp/EEG/src/Dissertation/Experiment Anonymised Version/User007a_Group_Test_03-09-2019--10-01-39/User007c_test10_IDT_10_03-09-2019/User007c_test10_IDT_10_03-09-2019_recording0,7,10,5,TRUE,10623,9925,698
/root/autodl-tmp/EEG/src/Dissertation/Experiment Anonymised Version/User007a_Group_Test_03-09-2019--10-01-39/User007c_test8_IET_08_03-09-2019/User007c_test8_IET_08_03-09-2019_recording0,7,8,5,TRUE,17144,16489,655
/root/autodl-tmp/EEG/src/Dissertation/Experiment Anonymised Version/User007a_Group_Test_03-09-2019--10-01-39/User007c_test11_BDT_11_03-09-2019/User007c_test11_BDT_11_03-09-2019_recording0,7,11,5,TRUE,12480,11900,580
/root/autodl-tmp/EEG/src/Dissertation/Experiment Anonymised Version/User007a_Group_Test_03-09-2019--10-01-39/User007c_test9_BET_09_03-09-2019/User007c_test9_BET_09_03-09-2019_recording0,7,9,5,TRUE,11170,10443,727
/root/autodl-tmp/EEG/src/Dissertation/Experiment Anonymised Version/User002_Group_Test_30-08-2019--12-57-10/User002C_test10_IDT_10_30-08-2019/User002C_test10_IDT_10_30-08-2019_recording0,2,10,5,TRUE,13758,12566,1192
/root/autodl-tmp/EEG/src/Dissertation/Experiment Anonymised Version/User002_Group_Test_30-08-2019--12-57-10/User002C_test11_BDT_11_30-08-2019/User002C_test11_BDT_11_30-08-2019_recording0,2,11,5,TRUE,11883,10704,1179
/root/autodl-tmp/EEG/src/Dissertation/Experiment Anonymised Version/User002_Group_Test_30-08-2019--12-57-10/User002D_test13_BES_13_30-08-2019/Uuer002D_test13_BES_13_30-08-2019_recording0,2,13,5,TRUE,9320,7793,1527
/root/autodl-tmp/EEG/src/Dissertation/Experiment Anonymised Version/User002_Group_Test_30-08-2019--12-57-10/User002C_test9_BET_09_30-08-2019/User002C_test9_BET_09_30-08-2019_recording0,2,9,5,TRUE,10145,8920,1225
/root/autodl-tmp/EEG/src/Dissertation/Experiment Anonymised Version/User002_Group_Test_30-08-2019--12-57-10/User002D_test15_BDS_15_30-08-2019/Uuer002D_test15_BDS_15_30-08-2019_recording0,2,15,5,TRUE,16118,14790,1328
/root/autodl-tmp/EEG/src/Dissertation/Experiment Anonymised Version/User002_Group_Test_30-08-2019--12-57-10/User002C_test12_IES_12_30-08-2019/User002C_test12_IES_12_30-08-2019_recording0,2,12,5,TRUE,7618,6697,921
/root/autodl-tmp/EEG/src/Dissertation/Experiment Anonymised Version/User002_Group_Test_30-08-2019--12-57-10/User002D_test14_IDS_14_30-08-2019/Uuer002D_test14_IDS_14_30-08-2019_recording0,2,14,5,TRUE,8672,7227,1445
/root/autodl-tmp/EEG/src/Dissertation/Experiment Anonymised Version/User002_Group_Test_30-08-2019--12-57-10/User002_test0_IET_00_30-08-2019/User002_test0_IET_00_30-08-2019_recording0,2,0,5,TRUE,9994,9347,647
/root/autodl-tmp/EEG/src/Dissertation/Experiment Anonymised Version/User002_Group_Test_30-08-2019--12-57-10/User002B_test5_BES_05_30-08-2019/User002B_test5_BES_05_30-08-2019_recording0,2,5,5,TRUE,9233,8342,891
/root/autodl-tmp/EEG/src/Dissertation/Experiment Anonymised Version/User002_Group_Test_30-08-2019--12-57-10/User002B_test8_IET_08_30-08-2019/User002B_test8_IET_08_30-08-2019_recording0,2,8,5,TRUE,8032,7588,444
/root/autodl-tmp/EEG/src/Dissertation/Experiment Anonymised Version/User002_Group_Test_30-08-2019--12-57-10/User002B_test6_IDS_06_30-08-2019/User002B_test6_IDS_06_30-08-2019_recording0,2,6,5,TRUE,12006,11240,766
/root/autodl-tmp/EEG/src/Dissertation/Experiment Anonymised Version/User002_Group_Test_30-08-2019--12-57-10/User002_test3_BDT_03_30-08-2019/User002_test3_BDT_03_30-08-2019_recording0,2,3,5,TRUE,12235,11593,642
/root/autodl-tmp/EEG/src/Dissertation/Experiment Anonymised Version/User002_Group_Test_30-08-2019--12-57-10/User002B_test4_IES_04_30-08-2019/User002B_test4_IES_04_30-08-2019_recording0,2,4,5,TRUE,6705,5742,963
/root/autodl-tmp/EEG/src/Dissertation/Experiment Anonymised Version/User002_Group_Test_30-08-2019--12-57-10/User002_test1_BET_01_30-08-2019/User002_test1_BET_01_30-08-2019_recording0,2,1,5,TRUE,12961,10051,2910
/root/autodl-tmp/EEG/src/Dissertation/Experiment Anonymised Version/User002_Group_Test_30-08-2019--12-57-10/User002_test2_IDT_02_30-08-2019/User002_test2_IDT_02_30-08-2019_recording0,2,2,5,TRUE,14433,12290,2143
/root/autodl-tmp/EEG/src/Dissertation/Experiment Anonymised Version/User002_Group_Test_30-08-2019--12-57-10/User002B_test7_BDS_07_30-08-2019/User002B_test7_BDS_07_30-08-2019_recording0,2,7,5,TRUE,11611,11076,535
/root/autodl-tmp/EEG/src/Dissertation/Experiment Anonymised Version/User022a_Group_Test_10-09-2019--13-16-07/User022d_test4_IES_04_10-09-2019/User022d_test4_IES_04_10-09-2019_recording0,22,4,5,TRUE,8691,7902,789
/root/autodl-tmp/EEG/src/Dissertation/Experiment Anonymised Version/User022a_Group_Test_10-09-2019--13-16-07/User022c_test1_BET_01_10-09-2019/User022c_test1_BET_01_10-09-2019_recording0,22,1,5,TRUE,9771,9108,663
/root/autodl-tmp/EEG/src/Dissertation/Experiment Anonymised Version/User022a_Group_Test_10-09-2019--13-16-07/User022c_test2_IDT_02_10-09-2019/User022c_test2_IDT_02_10-09-2019_recording0,22,2,5,TRUE,9061,8461,600
/root/autodl-tmp/EEG/src/Dissertation/Experiment Anonymised Version/User022a_Group_Test_10-09-2019--13-16-07/User022d_test7_BDS_07_10-09-2019/User022d_test7_BDS_07_10-09-2019_recording0,22,7,5,TRUE,5152,4571,581
/root/autodl-tmp/EEG/src/Dissertation/Experiment Anonymised Version/User022a_Group_Test_10-09-2019--13-16-07/User022c_test0_IET_00_10-09-2019/User022c_test0_IET_00_10-09-2019_recording0,22,0,5,TRUE,8869,8228,641
/root/autodl-tmp/EEG/src/Dissertation/Experiment Anonymised Version/User022a_Group_Test_10-09-2019--13-16-07/User022d_test5_BES_05_10-09-2019/User022d_test5_BES_05_10-09-2019_recording0,22,5,5,TRUE,8994,8207,787
/root/autodl-tmp/EEG/src/Dissertation/Experiment Anonymised Version/User022a_Group_Test_10-09-2019--13-16-07/User022d_test6_IDS_06_10-09-2019/User022d_test6_IDS_06_10-09-2019_recording0,22,6,5,TRUE,8010,7272,738
/root/autodl-tmp/EEG/src/Dissertation/Experiment Anonymised Version/User022a_Group_Test_10-09-2019--13-16-07/User022c_test3_BDT_03_10-09-2019/User022c_test3_BDT_03_10-09-2019_recording0,22,3,5,TRUE,7053,6529,524
/root/autodl-tmp/EEG/src/Dissertation/Experiment Anonymised Version/User022a_Group_Test_10-09-2019--13-16-07/User022a_test8_IET_08_10-09-2019/User022a_test8_IET_08_10-09-2019_recording0,22,8,5,TRUE,10653,10434,219
/root/autodl-tmp/EEG/src/Dissertation/Experiment Anonymised Version/User022a_Group_Test_10-09-2019--13-16-07/User022b_test12_IES_12_10-09-2019/User022b_test12_IES_12_10-09-2019_recording0,22,12,5,TRUE,13427,12979,448
/root/autodl-tmp/EEG/src/Dissertation/Experiment Anonymised Version/User022a_Group_Test_10-09-2019--13-16-07/User022b_test14_IDS_14_10-09-2019/User022b_test14_IDS_14_10-09-2019_recording0,22,14,5,TRUE,8861,8444,417
/root/autodl-tmp/EEG/src/Dissertation/Experiment Anonymised Version/User022a_Group_Test_10-09-2019--13-16-07/User022b_test15_BDS_15_10-09-2019/User022b_test15_BDS_15_10-09-2019_recording0,22,15,5,TRUE,8914,8504,410
/root/autodl-tmp/EEG/src/Dissertation/Experiment Anonymised Version/User022a_Group_Test_10-09-2019--13-16-07/User022b_test13_BES_13_10-09-2019/User022b_test13_BES_13_10-09-2019_recording0,22,13,5,TRUE,9742,9345,397
/root/autodl-tmp/EEG/src/Dissertation/Experiment Anonymised Version/User022a_Group_Test_10-09-2019--13-16-07/User022a_test9_BET_09_10-09-2019/User022a_test9_BET_09_10-09-2019_recording0,22,9,5,TRUE,11042,10831,211
/root/autodl-tmp/EEG/src/Dissertation/Experiment Anonymised Version/User022a_Group_Test_10-09-2019--13-16-07/User022a_test10_IDT_10_10-09-2019/User022a_test10_IDT_10_10-09-2019_recording0,22,10,5,TRUE,11624,11374,250
/root/autodl-tmp/EEG/src/Dissertation/Experiment Anonymised Version/User022a_Group_Test_10-09-2019--13-16-07/User022a_test11_BDT_11_10-09-2019/User022a_test11_BDT_11_10-09-2019_recording0,22,11,5,TRUE,6980,6771,209
/root/autodl-tmp/EEG/src/Dissertation/Experiment Anonymised Version/User019a_Group_Test_06-09-2019--15-26-42/User019d_test7_BDS_07_06-09-2019/User019d_test7_BDS_07_06-09-2019_recording0,19,7,5,TRUE,3411,2544,867
/root/autodl-tmp/EEG/src/Dissertation/Experiment Anonymised Version/User019a_Group_Test_06-09-2019--15-26-42/User019c_test2_IDT_02_06-09-2019/User019c_test2_IDT_02_06-09-2019_recording0,19,2,5,TRUE,2171,1769,402
/root/autodl-tmp/EEG/src/Dissertation/Experiment Anonymised Version/User019a_Group_Test_06-09-2019--15-26-42/User019c_test1_BET_01_06-09-2019/User019c_test1_BET_01_06-09-2019_recording0,19,1,5,TRUE,4643,3327,1316
/root/autodl-tmp/EEG/src/Dissertation/Experiment Anonymised Version/User019a_Group_Test_06-09-2019--15-26-42/User019d_test4_IES_04_06-09-2019/User019d_test4_IES_04_06-09-2019_recording0,19,4,5,TRUE,1164,657,507
/root/autodl-tmp/EEG/src/Dissertation/Experiment Anonymised Version/User019a_Group_Test_06-09-2019--15-26-42/User019c_test3_BDT_03_06-09-2019/User019c_test3_BDT_03_06-09-2019_recording0,19,3,5,TRUE,3072,2194,878
/root/autodl-tmp/EEG/src/Dissertation/Experiment Anonymised Version/User019a_Group_Test_06-09-2019--15-26-42/User019d_test6_IDS_06_06-09-2019/User019d_test6_IDS_06_06-09-2019_recording0,19,6,5,TRUE,2813,1750,1063
/root/autodl-tmp/EEG/src/Dissertation/Experiment Anonymised Version/User019a_Group_Test_06-09-2019--15-26-42/User019d_test5_BES_05_06-09-2019/User019d_test5_BES_05_06-09-2019_recording0,19,5,5,TRUE,6888,5476,1412
/root/autodl-tmp/EEG/src/Dissertation/Experiment Anonymised Version/User019a_Group_Test_06-09-2019--15-26-42/User019c_test0_IET_00_06-09-2019/User019c_test0_IET_00_06-09-2019_recording0,19,0,5,TRUE,2944,2125,819
/root/autodl-tmp/EEG/src/Dissertation/Experiment Anonymised Version/User019a_Group_Test_06-09-2019--15-26-42/User019b_test12_IES_12_06-09-2019/User019b_test12_IES_12_06-09-2019_recording0,19,12,5,TRUE,3878,2753,1125
/root/autodl-tmp/EEG/src/Dissertation/Experiment Anonymised Version/User019a_Group_Test_06-09-2019--15-26-42/User019b_test14_IDS_14_06-09-2019/User019b_test14_IDS_14_06-09-2019_recording0,19,14,5,TRUE,2137,1794,343
/root/autodl-tmp/EEG/src/Dissertation/Experiment Anonymised Version/User019a_Group_Test_06-09-2019--15-26-42/User019b_test15_BDS_15_06-09-2019/User019b_test15_BDS_15_06-09-2019_recording0,19,15,5,TRUE,3441,2572,869
/root/autodl-tmp/EEG/src/Dissertation/Experiment Anonymised Version/User019a_Group_Test_06-09-2019--15-26-42/User019b_test13_BES_13_06-09-2019/User019b_test13_BES_13_06-09-2019_recording0,19,13,5,TRUE,3974,2735,1239
/root/autodl-tmp/EEG/src/Dissertation/Experiment Anonymised Version/User019a_Group_Test_06-09-2019--15-26-42/User019a_test10_IDT_10_06-09-2019/User019a_test10_IDT_10_06-09-2019_recording0,19,10,5,TRUE,4318,3409,909
/root/autodl-tmp/EEG/src/Dissertation/Experiment Anonymised Version/User019a_Group_Test_06-09-2019--15-26-42/User019a_test8_IET_08_06-09-2019/User019a_test8_IET_08_06-09-2019_recording0,19,8,5,TRUE,7820,6750,1070
/root/autodl-tmp/EEG/src/Dissertation/Experiment Anonymised Version/User019a_Group_Test_06-09-2019--15-26-42/User019a_test9_BET_09_06-09-2019/User019a_test9_BET_09_06-09-2019_recording0,19,9,5,TRUE,7170,6104,1066
/root/autodl-tmp/EEG/src/Dissertation/Experiment Anonymised Version/User019a_Group_Test_06-09-2019--15-26-42/User019a_test11_BDT_11_06-09-2019/User019a_test11_BDT_11_06-09-2019_recording0,19,11,5,TRUE,3599,2891,708
/root/autodl-tmp/EEG/src/Dissertation/Experiment Anonymised Version/User017a_Group_Test_06-09-2019--10-07-57/User017_test9_BET_09_06-09-2019/User017_test9_BET_09_06-09-2019_recording0,17,9,5,TRUE,10154,9971,183
/root/autodl-tmp/EEG/src/Dissertation/Experiment Anonymised Version/User017a_Group_Test_06-09-2019--10-07-57/User017_test8_IET_08_06-09-2019/User017_test8_IET_08_06-09-2019_recording0,17,8,5,TRUE,9803,9598,205
/root/autodl-tmp/EEG/src/Dissertation/Experiment Anonymised Version/User017a_Group_Test_06-09-2019--10-07-57/User017c_test3_BDT_03_06-09-2019/User017c2_test3_BDT_03_06-09-2019_recording0,17,3,5,TRUE,6509,6464,45
/root/autodl-tmp/EEG/src/Dissertation/Experiment Anonymised Version/User017a_Group_Test_06-09-2019--10-07-57/User017d_test6_IDS_06_06-09-2019/User017d_test6_IDS_06_06-09-2019_recording0,17,6,5,TRUE,5306,5178,128
/root/autodl-tmp/EEG/src/Dissertation/Experiment Anonymised Version/User017a_Group_Test_06-09-2019--10-07-57/User017d_test5_BES_05_06-09-2019/User017d_test5_BES_05_06-09-2019_recording0,17,5,5,TRUE,8936,8854,82
/root/autodl-tmp/EEG/src/Dissertation/Experiment Anonymised Version/User017a_Group_Test_06-09-2019--10-07-57/User017c_test0_IET_00_06-09-2019/User017c_test0_IET_00_06-09-2019_recording0,17,0,5,TRUE,7859,7300,559
/root/autodl-tmp/EEG/src/Dissertation/Experiment Anonymised Version/User017a_Group_Test_06-09-2019--10-07-57/User017d_test7_BDS_07_06-09-2019/User017d_test7_BDS_07_06-09-2019_recording0,17,7,5,TRUE,6190,6100,90
/root/autodl-tmp/EEG/src/Dissertation/Experiment Anonymised Version/User017a_Group_Test_06-09-2019--10-07-57/User017c_test2_IDT_02_06-09-2019/User017c2_test2_IDT_02_06-09-2019_recording0,17,2,5,TRUE,8955,8952,3
/root/autodl-tmp/EEG/src/Dissertation/Experiment Anonymised Version/User017a_Group_Test_06-09-2019--10-07-57/User017c_test1_BET_01_06-09-2019/User017c_test1_BET_01_06-09-2019_recording0,17,1,5,TRUE,7362,6858,504
/root/autodl-tmp/EEG/src/Dissertation/Experiment Anonymised Version/User017a_Group_Test_06-09-2019--10-07-57/User017d_test4_IES_04_06-09-2019/User017d_test4_IES_04_06-09-2019_recording0,17,4,5,TRUE,8749,8684,65
/root/autodl-tmp/EEG/src/Dissertation/Experiment Anonymised Version/User017a_Group_Test_06-09-2019--10-07-57/User017b_test13_BES_13_06-09-2019/User017b_test13_BES_13_06-09-2019_recording0,17,13,5,TRUE,7679,7298,381
/root/autodl-tmp/EEG/src/Dissertation/Experiment Anonymised Version/User017a_Group_Test_06-09-2019--10-07-57/User017_test11_BDT_11_06-09-2019/User017_test11_BDT_11_06-09-2019_recording0,17,11,5,TRUE,3332,3291,41
/root/autodl-tmp/EEG/src/Dissertation/Experiment Anonymised Version/User017a_Group_Test_06-09-2019--10-07-57/User017_test10_IDT_10_06-09-2019/User017_test10_IDT_10_06-09-2019_recording0,17,10,5,TRUE,5540,5297,243
/root/autodl-tmp/EEG/src/Dissertation/Experiment Anonymised Version/User017a_Group_Test_06-09-2019--10-07-57/User017b_test14_IDS_14_06-09-2019/User017b_test14_IDS_14_06-09-2019_recording0,17,14,5,TRUE,6976,6625,351
/root/autodl-tmp/EEG/src/Dissertation/Experiment Anonymised Version/User017a_Group_Test_06-09-2019--10-07-57/User017b_test12_IES_12_06-09-2019/User017b_test12_IES_12_06-09-2019_recording0,17,12,5,TRUE,7431,7082,349
/root/autodl-tmp/EEG/src/Dissertation/Experiment Anonymised Version/User023a_Group_Test_11-09-2019--10-16-46/User023c_test0_IET_00_11-09-2019/User023c_test0_IET_00_11-09-2019_recording0,23,0,5,TRUE,16906,16526,380
/root/autodl-tmp/EEG/src/Dissertation/Experiment Anonymised Version/User023a_Group_Test_11-09-2019--10-16-46/User023d_test5_BES_05_11-09-2019/User023d_test5_BES_05_11-09-2019_recording0,23,5,5,TRUE,21735,21121,614
/root/autodl-tmp/EEG/src/Dissertation/Experiment Anonymised Version/User023a_Group_Test_11-09-2019--10-16-46/User023b_test15_BDS_15_11-09-2019/User023b3_test15_BDS_15_11-09-2019_recording0,23,15,5,TRUE,19272,19182,90
/root/autodl-tmp/EEG/src/Dissertation/Experiment Anonymised Version/User023a_Group_Test_11-09-2019--10-16-46/User023d_test6_IDS_06_11-09-2019/User023d_test6_IDS_06_11-09-2019_recording0,23,6,5,TRUE,13382,12982,400
/root/autodl-tmp/EEG/src/Dissertation/Experiment Anonymised Version/User023a_Group_Test_11-09-2019--10-16-46/User023b_test13_BES_13_11-09-2019/User023b2_test13_BES_13_11-09-2019_recording0,23,13,5,TRUE,16611,16586,25
/root/autodl-tmp/EEG/src/Dissertation/Experiment Anonymised Version/User023a_Group_Test_11-09-2019--10-16-46/User023c_test3_BDT_03_11-09-2019/User023c_test3_BDT_03_11-09-2019_recording0,23,3,5,TRUE,10403,10140,263
/root/autodl-tmp/EEG/src/Dissertation/Experiment Anonymised Version/User023a_Group_Test_11-09-2019--10-16-46/User023d_test4_IES_04_11-09-2019/User023d_test4_IES_04_11-09-2019_recording0,23,4,5,TRUE,16057,15518,539
/root/autodl-tmp/EEG/src/Dissertation/Experiment Anonymised Version/User023a_Group_Test_11-09-2019--10-16-46/User023c_test1_BET_01_11-09-2019/User023c_test1_BET_01_11-09-2019_recording0,23,1,5,TRUE,15850,15426,424
/root/autodl-tmp/EEG/src/Dissertation/Experiment Anonymised Version/User023a_Group_Test_11-09-2019--10-16-46/User023c_test2_IDT_02_11-09-2019/User023c_test2_IDT_02_11-09-2019_recording0,23,2,5,TRUE,15603,15307,296
/root/autodl-tmp/EEG/src/Dissertation/Experiment Anonymised Version/User023a_Group_Test_11-09-2019--10-16-46/User023b_test12_IES_12_11-09-2019/User023b2_test12_IES_12_11-09-2019_recording0,23,12,5,TRUE,19523,19523,0
/root/autodl-tmp/EEG/src/Dissertation/Experiment Anonymised Version/User023a_Group_Test_11-09-2019--10-16-46/User023b_test14_IDS_14_11-09-2019/User023b2_test14_IDS_14_11-09-2019_recording0,23,14,5,TRUE,14117,14081,36
/root/autodl-tmp/EEG/src/Dissertation/Experiment Anonymised Version/User023a_Group_Test_11-09-2019--10-16-46/User023d_test7_BDS_07_11-09-2019/User023d_test7_BDS_07_11-09-2019_recording0,23,7,5,TRUE,12888,12421,467
/root/autodl-tmp/EEG/src/Dissertation/Experiment Anonymised Version/User023a_Group_Test_11-09-2019--10-16-46/User023a_test11_BDT_11_11-09-2019/User023a_test11_BDT_11_11-09-2019_recording0,23,11,5,TRUE,14496,14134,362
/root/autodl-tmp/EEG/src/Dissertation/Experiment Anonymised Version/User023a_Group_Test_11-09-2019--10-16-46/User023a_test10_IDT_10_11-09-2019/User023a_test10_IDT_10_11-09-2019_recording0,23,10,5,TRUE,16235,14924,1311
/root/autodl-tmp/EEG/src/Dissertation/Experiment Anonymised Version/User023a_Group_Test_11-09-2019--10-16-46/User023a_test9_BET_09_11-09-2019/User023a_test9_BET_09_11-09-2019_recording0,23,9,5,TRUE,3889,3840,49
/root/autodl-tmp/EEG/src/Dissertation/Experiment Anonymised Version/User023a_Group_Test_11-09-2019--10-16-46/User023a_test8_IET_08_11-09-2019/User023a_test8_IET_08_11-09-2019_recording0,23,8,5,TRUE,15104,14821,283
/root/autodl-tmp/EEG/src/Dissertation/Experiment Anonymised Version/User025a_Group_Test_11-09-2019--15-22-27/User025c_test1_BET_01_11-09-2019/User025c_test1_BET_01_11-09-2019_recording0,25,1,5,TRUE,22103,19044,3059
/root/autodl-tmp/EEG/src/Dissertation/Experiment Anonymised Version/User025a_Group_Test_11-09-2019--15-22-27/User025d_test4_IES_04_11-09-2019/User025d_test4_IES_04_11-09-2019_recording0,25,4,5,TRUE,25481,21769,3712
/root/autodl-tmp/EEG/src/Dissertation/Experiment Anonymised Version/User025a_Group_Test_11-09-2019--15-22-27/User025d_test7_BDS_07_11-09-2019/User025d_test7_BDS_07_11-09-2019_recording0,25,7,5,TRUE,15915,13531,2384
/root/autodl-tmp/EEG/src/Dissertation/Experiment Anonymised Version/User025a_Group_Test_11-09-2019--15-22-27/User025c_test2_IDT_02_11-09-2019/User025c_test2_IDT_02_11-09-2019_recording0,25,2,5,TRUE,21318,18658,2660
/root/autodl-tmp/EEG/src/Dissertation/Experiment Anonymised Version/User025a_Group_Test_11-09-2019--15-22-27/User025d_test5_BES_05_11-09-2019/User025d_test5_BES_05_11-09-2019_recording0,25,5,5,TRUE,25036,21830,3206
/root/autodl-tmp/EEG/src/Dissertation/Experiment Anonymised Version/User025a_Group_Test_11-09-2019--15-22-27/User025c_test0_IET_00_11-09-2019/User025c_test0_IET_00_11-09-2019_recording0,25,0,5,TRUE,20887,17724,3163
/root/autodl-tmp/EEG/src/Dissertation/Experiment Anonymised Version/User025a_Group_Test_11-09-2019--15-22-27/User025d_test6_IDS_06_11-09-2019/User025d_test6_IDS_06_11-09-2019_recording0,25,6,5,TRUE,23459,20466,2993
/root/autodl-tmp/EEG/src/Dissertation/Experiment Anonymised Version/User025a_Group_Test_11-09-2019--15-22-27/User025a_test8_IET_08_11-09-2019/User025a_test8_IET_08_11-09-2019_recording0,25,8,5,TRUE,23066,20737,2329
/root/autodl-tmp/EEG/src/Dissertation/Experiment Anonymised Version/User025a_Group_Test_11-09-2019--15-22-27/User025b_test15_BDS_15_11-09-2019/User025b_test15_BDS_15_11-09-2019_recording0,25,15,5,TRUE,3683,3368,315
/root/autodl-tmp/EEG/src/Dissertation/Experiment Anonymised Version/User025a_Group_Test_11-09-2019--15-22-27/User025b_test13_BES_13_11-09-2019/User025b_test13_BES_13_11-09-2019_recording0,25,13,5,TRUE,21655,18988,2667
/root/autodl-tmp/EEG/src/Dissertation/Experiment Anonymised Version/User025a_Group_Test_11-09-2019--15-22-27/User025a_test9_BET_09_11-09-2019/User025a_test9_BET_09_11-09-2019_recording0,25,9,5,TRUE,20884,18546,2338
/root/autodl-tmp/EEG/src/Dissertation/Experiment Anonymised Version/User025a_Group_Test_11-09-2019--15-22-27/User025b_test12_IES_12_11-09-2019/User025b_test12_IES_12_11-09-2019_recording0,25,12,5,TRUE,26441,23632,2809
/root/autodl-tmp/EEG/src/Dissertation/Experiment Anonymised Version/User025a_Group_Test_11-09-2019--15-22-27/User025b_test14_IDS_14_11-09-2019/User025b_test14_IDS_14_11-09-2019_recording0,25,14,5,TRUE,15945,13392,2553
/root/autodl-tmp/EEG/src/Dissertation/Experiment Anonymised Version/User025a_Group_Test_11-09-2019--15-22-27/User025a_test11_BDT_11_11-09-2019/User025a_test11_BDT_11_11-09-2019_recording0,25,11,5,TRUE,14491,12670,1821
/root/autodl-tmp/EEG/src/Dissertation/Experiment Anonymised Version/User025a_Group_Test_11-09-2019--15-22-27/User025a_test10_IDT_10_11-09-2019/User025a_test10_IDT_10_11-09-2019_recording0,25,10,5,TRUE,20313,16981,3332
/root/autodl-tmp/EEG/src/Dissertation/Experiment Anonymised Version/User020a_Group_Test_09-09-2019--10-26-59/User020d_test7_BDS_07_09-09-2019/User020d2_test7_BDS_07_09-09-2019_recording0,20,7,5,TRUE,8191,7763,428
/root/autodl-tmp/EEG/src/Dissertation/Experiment Anonymised Version/User020a_Group_Test_09-09-2019--10-26-59/User020c_test2_IDT_02_09-09-2019/User020c_test2_IDT_02_09-09-2019_recording0,20,2,5,TRUE,5779,5218,561
/root/autodl-tmp/EEG/src/Dissertation/Experiment Anonymised Version/User020a_Group_Test_09-09-2019--10-26-59/User020c_test1_BET_01_09-09-2019/User020c_test1_BET_01_09-09-2019_recording0,20,1,5,TRUE,10057,9491,566
/root/autodl-tmp/EEG/src/Dissertation/Experiment Anonymised Version/User020a_Group_Test_09-09-2019--10-26-59/User020d_test4_IES_04_09-09-2019/User020d2_test4_IES_04_09-09-2019_recording0,20,4,5,TRUE,10177,9488,689
/root/autodl-tmp/EEG/src/Dissertation/Experiment Anonymised Version/User020a_Group_Test_09-09-2019--10-26-59/User020c_test3_BDT_03_09-09-2019/User020c_test3_BDT_03_09-09-2019_recording0,20,3,5,TRUE,5307,4841,466
/root/autodl-tmp/EEG/src/Dissertation/Experiment Anonymised Version/User020a_Group_Test_09-09-2019--10-26-59/User020d_test6_IDS_06_09-09-2019/User020d2_test6_IDS_06_09-09-2019_recording0,20,6,5,TRUE,3009,2836,173
/root/autodl-tmp/EEG/src/Dissertation/Experiment Anonymised Version/User020a_Group_Test_09-09-2019--10-26-59/User020d_test5_BES_05_09-09-2019/User020d2_test5_BES_05_09-09-2019_recording0,20,5,5,TRUE,11081,10356,725
/root/autodl-tmp/EEG/src/Dissertation/Experiment Anonymised Version/User020a_Group_Test_09-09-2019--10-26-59/User020c_test0_IET_00_09-09-2019/User020c_test0_IET_00_09-09-2019_recording0,20,0,5,TRUE,12644,12061,583
/root/autodl-tmp/EEG/src/Dissertation/Experiment Anonymised Version/User020a_Group_Test_09-09-2019--10-26-59/User020b_test15_BDS_15_09-09-2019/User020b_test15_BDS_15_09-09-2019_recording0,20,15,5,TRUE,11359,11023,336
/root/autodl-tmp/EEG/src/Dissertation/Experiment Anonymised Version/User020a_Group_Test_09-09-2019--10-26-59/User020b_test13_BES_13_09-09-2019/User020b_test13_BES_13_09-09-2019_recording0,20,13,5,TRUE,13388,13007,381
/root/autodl-tmp/EEG/src/Dissertation/Experiment Anonymised Version/User020a_Group_Test_09-09-2019--10-26-59/User020b_test12_IES_12_09-09-2019/User020b_test12_IES_12_09-09-2019_recording0,20,12,5,TRUE,7091,6759,332
/root/autodl-tmp/EEG/src/Dissertation/Experiment Anonymised Version/User020a_Group_Test_09-09-2019--10-26-59/User020b_test14_IDS_14_09-09-2019/User020b_test14_IDS_14_09-09-2019_recording0,20,14,5,TRUE,11025,10679,346
/root/autodl-tmp/EEG/src/Dissertation/Experiment Anonymised Version/User020a_Group_Test_09-09-2019--10-26-59/User020a_test11_BDT_11_09-09-2019/User020a2_test11_BDT_11_09-09-2019_recording0,20,11,5,TRUE,2937,2899,38
/root/autodl-tmp/EEG/src/Dissertation/Experiment Anonymised Version/User020a_Group_Test_09-09-2019--10-26-59/User020a_test8_IET_08_09-09-2019/User020a_test8_IET_08_09-09-2019_recording0,20,8,5,TRUE,13881,13853,28
/root/autodl-tmp/EEG/src/Dissertation/Experiment Anonymised Version/User020a_Group_Test_09-09-2019--10-26-59/User020a_test10_IDT_10_09-09-2019/User020a2_test10_IDT_10_09-09-2019_recording0,20,10,5,TRUE,12580,12356,224
/root/autodl-tmp/EEG/src/Dissertation/Experiment Anonymised Version/User020a_Group_Test_09-09-2019--10-26-59/User020a_test9_BET_09_09-09-2019/User020a_test9_BET_09_09-09-2019_recording0,20,9,5,TRUE,10247,10164,83
/root/autodl-tmp/EEG/src/Dissertation/Experiment Anonymised Version/User001_Group_Test_30-08-2019--10-07-00/User001B_test10_IDT_10_30-08-2019/User001B_test10_IDT_10_30-08-2019_recording0,1,10,5,TRUE,2566,2400,166
/root/autodl-tmp/EEG/src/Dissertation/Experiment Anonymised Version/User001_Group_Test_30-08-2019--10-07-00/User001C_test11_BDT_11_30-08-2019/User001C_test11_BDT_11_30-08-2019_recording0,1,11,5,TRUE,10099,9322,777
/root/autodl-tmp/EEG/src/Dissertation/Experiment Anonymised Version/User001_Group_Test_30-08-2019--10-07-00/User001C_test12_IES_12_30-08-2019/User001C_test12_IES_12_30-08-2019_recording0,1,12,5,TRUE,6333,5392,941
/root/autodl-tmp/EEG/src/Dissertation/Experiment Anonymised Version/User001_Group_Test_30-08-2019--10-07-00/User001C_test14_IDS_14_30-08-2019/User001C_test14_IDS_14_30-08-2019_recording0,1,14,5,TRUE,5798,5312,486
/root/autodl-tmp/EEG/src/Dissertation/Experiment Anonymised Version/User001_Group_Test_30-08-2019--10-07-00/User001C_test15_BDS_15_30-08-2019/User001C_test15_BDS_15_30-08-2019_recording0,1,15,5,TRUE,3829,3563,266
/root/autodl-tmp/EEG/src/Dissertation/Experiment Anonymised Version/User001_Group_Test_30-08-2019--10-07-00/User001C_test13_BES_13_30-08-2019/User001C_test13_BES_13_30-08-2019_recording0,1,13,5,TRUE,5984,5376,608
/root/autodl-tmp/EEG/src/Dissertation/Experiment Anonymised Version/User001_Group_Test_30-08-2019--10-07-00/User001_test1_BET_01_30-08-2019/User001_test1_BET_01_30-08-2019_recording0,1,1,5,TRUE,7955,7544,411
/root/autodl-tmp/EEG/src/Dissertation/Experiment Anonymised Version/User001_Group_Test_30-08-2019--10-07-00/User001_test2_IDT_02_30-08-2019/User001_test2_IDT_02_30-08-2019_recording0,1,2,5,TRUE,6308,6177,131
/root/autodl-tmp/EEG/src/Dissertation/Experiment Anonymised Version/User001_Group_Test_30-08-2019--10-07-00/User001_test3_BDT_03_30-08-2019/User001_test3_BDT_03_30-08-2019_recording0,1,3,5,TRUE,8014,7900,114
/root/autodl-tmp/EEG/src/Dissertation/Experiment Anonymised Version/User001_Group_Test_30-08-2019--10-07-00/User001B_test5_BES_05_30-08-2019/User001B_test5_BES_05_30-08-2019_recording0,1,5,5,TRUE,4315,3987,328
/root/autodl-tmp/EEG/src/Dissertation/Experiment Anonymised Version/User001_Group_Test_30-08-2019--10-07-00/User001B_test8_IET_08_30-08-2019/User001B_test8_IET_08_30-08-2019_recording0,1,8,5,TRUE,4594,4247,347
/root/autodl-tmp/EEG/src/Dissertation/Experiment Anonymised Version/User001_Group_Test_30-08-2019--10-07-00/User001B_test6_IDS_06_30-08-2019/User001B_test6_IDS_06_30-08-2019_recording0,1,6,5,TRUE,9566,9077,489
/root/autodl-tmp/EEG/src/Dissertation/Experiment Anonymised Version/User001_Group_Test_30-08-2019--10-07-00/User001B_test9_BET_09_30-08-2019/User001B_test9_BET_09_30-08-2019_recording0,1,9,5,TRUE,4315,3963,352
/root/autodl-tmp/EEG/src/Dissertation/Experiment Anonymised Version/User001_Group_Test_30-08-2019--10-07-00/User001B_test7_BDS_07_30-08-2019/User001B_test7_BDS_07_30-08-2019_recording0,1,7,5,TRUE,8423,8066,357
/root/autodl-tmp/EEG/src/Dissertation/Experiment Anonymised Version/User001_Group_Test_30-08-2019--10-07-00/User001_test4_IES_04_30-08-2019/User001_test4_IES_04_30-08-2019_recording0,1,4,5,TRUE,3888,3665,223
/root/autodl-tmp/EEG/src/Dissertation/Experiment Anonymised Version/User012_Group_Test_04-09-2019--15-27-39/User012c_test15_BDS_15_04-09-2019/_test15_BDS_15_04-09-2019_recording0,12,15,5,TRUE,12569,1503,11066
/root/autodl-tmp/EEG/src/Dissertation/Experiment Anonymised Version/User012_Group_Test_04-09-2019--15-27-39/User012c_test8_IET_08_04-09-2019/User012c_test8_IET_08_04-09-2019_recording0,12,8,5,TRUE,17505,3633,13872
/root/autodl-tmp/EEG/src/Dissertation/Experiment Anonymised Version/User012_Group_Test_04-09-2019--15-27-39/User012c_test9_BET_09_04-09-2019/User012c_test9_BET_09_04-09-2019_recording0,12,9,5,TRUE,5032,983,4049
/root/autodl-tmp/EEG/src/Dissertation/Experiment Anonymised Version/User012_Group_Test_04-09-2019--15-27-39/User012_test1_BET_01_04-09-2019/User012_test1_BET_01_04-09-2019_recording0,12,1,5,TRUE,11626,340,11286
/root/autodl-tmp/EEG/src/Dissertation/Experiment Anonymised Version/User012_Group_Test_04-09-2019--15-27-39/User012_test3_BDT_03_04-09-2019/User012_test3_BDT_03_04-09-2019_recording0,12,3,5,TRUE,7385,689,6696
/root/autodl-tmp/EEG/src/Dissertation/Experiment Anonymised Version/User012_Group_Test_04-09-2019--15-27-39/User012c_test10_IDT_10_04-09-2019/User012c_test10_IDT_10_04-09-2019_recording0,12,10,5,TRUE,10461,783,9678
/root/autodl-tmp/EEG/src/Dissertation/Experiment Anonymised Version/User012_Group_Test_04-09-2019--15-27-39/User012b_test7_BDS_07_04-09-2019/User012b_test7_BDS_07_04-09-2019_recording0,12,7,5,TRUE,9059,343,8716
/root/autodl-tmp/EEG/src/Dissertation/Experiment Anonymised Version/User012_Group_Test_04-09-2019--15-27-39/User012b_test5_BES_05_04-09-2019/User012b_test5_BES_05_04-09-2019_recording0,12,5,5,TRUE,14379,2093,12286
/root/autodl-tmp/EEG/src/Dissertation/Experiment Anonymised Version/User012_Group_Test_04-09-2019--15-27-39/User012b_test6_IDS_06_04-09-2019/User012b_test6_IDS_06_04-09-2019_recording0,12,6,5,TRUE,10850,753,10097
/root/autodl-tmp/EEG/src/Dissertation/Experiment Anonymised Version/User010_Group_Test_04-09-2019--10-45-58/User010d_test13_BES_13_04-09-2019/User010d_test13_BES_13_04-09-2019_recording0,10,13,5,TRUE,10055,1717,8338
/root/autodl-tmp/EEG/src/Dissertation/Experiment Anonymised Version/User010_Group_Test_04-09-2019--10-45-58/User010d_test15_BDS_15_04-09-2019/User010d_test15_BDS_15_04-09-2019_recording0,10,15,5,TRUE,10198,2921,7277
/root/autodl-tmp/EEG/src/Dissertation/Experiment Anonymised Version/User010_Group_Test_04-09-2019--10-45-58/User010_test10_IDT_10_04-09-2019/User010_test10_IDT_10_04-09-2019_recording0,10,10,5,TRUE,11967,2940,9027
/root/autodl-tmp/EEG/src/Dissertation/Experiment Anonymised Version/User010_Group_Test_04-09-2019--10-45-58/User010_test9_BET_09_04-09-2019/User010_test9_BET_09_04-09-2019_recording0,10,9,5,TRUE,12814,2829,9985
/root/autodl-tmp/EEG/src/Dissertation/Experiment Anonymised Version/User010_Group_Test_04-09-2019--10-45-58/User010d_test14_IDS_14_04-09-2019/User010d_test14_IDS_14_04-09-2019_recording0,10,14,5,TRUE,10903,1761,9142
/root/autodl-tmp/EEG/src/Dissertation/Experiment Anonymised Version/User010_Group_Test_04-09-2019--10-45-58/User010d_test12_IES_12_04-09-2019/User010d_test12_IES_12_04-09-2019_recording0,10,12,5,TRUE,6645,2024,4621
/root/autodl-tmp/EEG/src/Dissertation/Experiment Anonymised Version/User010_Group_Test_04-09-2019--10-45-58/User010_test11_BDT_11_04-09-2019/User010_test11_BDT_11_04-09-2019_recording0,10,11,5,TRUE,10014,3043,6971
/root/autodl-tmp/EEG/src/Dissertation/Experiment Anonymised Version/User010_Group_Test_04-09-2019--10-45-58/User010_test8_IET_08_04-09-2019/User010_test8_IET_08_04-09-2019_recording0,10,8,5,TRUE,12365,2384,9981
/root/autodl-tmp/EEG/src/Dissertation/Experiment Anonymised Version/User010_Group_Test_04-09-2019--10-45-58/User010a_test1_BET_01_04-09-2019/User010a_test1_BET_01_04-09-2019_recording0,10,1,5,TRUE,10441,2008,8433
/root/autodl-tmp/EEG/src/Dissertation/Experiment Anonymised Version/User010_Group_Test_04-09-2019--10-45-58/User010b_test7_BDS_07_04-09-2019/User010b_test7_BDS_07_04-09-2019_recording0,10,7,5,TRUE,4425,1749,2676
/root/autodl-tmp/EEG/src/Dissertation/Experiment Anonymised Version/User010_Group_Test_04-09-2019--10-45-58/User010b_test4_IES_04_04-09-2019/User010b_test4_IES_04_04-09-2019_recording0,10,4,5,TRUE,10956,1174,9782
/root/autodl-tmp/EEG/src/Dissertation/Experiment Anonymised Version/User010_Group_Test_04-09-2019--10-45-58/User010a_test2_IDT_02_04-09-2019/User010a_test2_IDT_02_04-09-2019_recording0,10,2,5,TRUE,3525,1173,2352
/root/autodl-tmp/EEG/src/Dissertation/Experiment Anonymised Version/User010_Group_Test_04-09-2019--10-45-58/User010b_test6_IDS_06_04-09-2019/User010b_test6_IDS_06_04-09-2019_recording0,10,6,5,TRUE,13352,4279,9073
/root/autodl-tmp/EEG/src/Dissertation/Experiment Anonymised Version/User010_Group_Test_04-09-2019--10-45-58/User010a_test3_BDT_03_04-09-2019/User010a_test3_BDT_03_04-09-2019_recording0,10,3,5,TRUE,8474,2232,6242
/root/autodl-tmp/EEG/src/Dissertation/Experiment Anonymised Version/User010_Group_Test_04-09-2019--10-45-58/User010b_test5_BES_05_04-09-2019/User010b_test5_BES_05_04-09-2019_recording0,10,5,5,TRUE,12767,3439,9328
/root/autodl-tmp/EEG/src/Dissertation/Experiment Anonymised Version/User018a_Group_Test_06-09-2019--13-34-41/User018c_test3_BDT_03_06-09-2019/User018c_test3_BDT_03_06-09-2019_recording0,18,3,5,TRUE,5705,5319,386
/root/autodl-tmp/EEG/src/Dissertation/Experiment Anonymised Version/User018a_Group_Test_06-09-2019--13-34-41/User018d_test6_IDS_06_06-09-2019/User018d_test6_IDS_06_06-09-2019_recording0,18,6,5,TRUE,12273,11627,646
/root/autodl-tmp/EEG/src/Dissertation/Experiment Anonymised Version/User018a_Group_Test_06-09-2019--13-34-41/User018a_test11_BDT_11_06-09-2019/User018a_test11_BDT_11_06-09-2019_recording0,18,11,5,TRUE,10677,10601,76
/root/autodl-tmp/EEG/src/Dissertation/Experiment Anonymised Version/User018a_Group_Test_06-09-2019--13-34-41/User018d_test5_BES_05_06-09-2019/User018d_test5_BES_05_06-09-2019_recording0,18,5,5,TRUE,12951,12281,670
/root/autodl-tmp/EEG/src/Dissertation/Experiment Anonymised Version/User018a_Group_Test_06-09-2019--13-34-41/User018c_test0_IET_00_06-09-2019/User018c_test0_IET_00_06-09-2019_recording0,18,0,5,TRUE,12128,11627,501
/root/autodl-tmp/EEG/src/Dissertation/Experiment Anonymised Version/User018a_Group_Test_06-09-2019--13-34-41/User018d_test7_BDS_07_06-09-2019/User018d_test7_BDS_07_06-09-2019_recording0,18,7,5,TRUE,10503,9917,586
/root/autodl-tmp/EEG/src/Dissertation/Experiment Anonymised Version/User018a_Group_Test_06-09-2019--13-34-41/User018c_test2_IDT_02_06-09-2019/User018c_test2_IDT_02_06-09-2019_recording0,18,2,5,TRUE,8812,8358,454
/root/autodl-tmp/EEG/src/Dissertation/Experiment Anonymised Version/User018a_Group_Test_06-09-2019--13-34-41/User018c_test1_BET_01_06-09-2019/User018c_test1_BET_01_06-09-2019_recording0,18,1,5,TRUE,12008,11463,545
/root/autodl-tmp/EEG/src/Dissertation/Experiment Anonymised Version/User018a_Group_Test_06-09-2019--13-34-41/User018d_test4_IES_04_06-09-2019/User018d_test4_IES_04_06-09-2019_recording0,18,4,5,TRUE,11666,11047,619
/root/autodl-tmp/EEG/src/Dissertation/Experiment Anonymised Version/User018a_Group_Test_06-09-2019--13-34-41/User018a_test10_IDT_10_06-09-2019/User018a_test10_IDT_10_06-09-2019_recording0,18,10,5,TRUE,11674,11522,152
/root/autodl-tmp/EEG/src/Dissertation/Experiment Anonymised Version/User018a_Group_Test_06-09-2019--13-34-41/User018b_test15_BDS_15_06-09-2019/User018b_test15_BDS_15_06-09-2019_recording0,18,15,5,TRUE,11226,8671,2555
/root/autodl-tmp/EEG/src/Dissertation/Experiment Anonymised Version/User018a_Group_Test_06-09-2019--13-34-41/User018b_test13_BES_13_06-09-2019/User018b_test13_BES_13_06-09-2019_recording0,18,13,5,TRUE,11295,10958,337
/root/autodl-tmp/EEG/src/Dissertation/Experiment Anonymised Version/User018a_Group_Test_06-09-2019--13-34-41/User018b_test12_IES_12_06-09-2019/User018b_test12_IES_12_06-09-2019_recording0,18,12,5,TRUE,10433,10121,312
/root/autodl-tmp/EEG/src/Dissertation/Experiment Anonymised Version/User018a_Group_Test_06-09-2019--13-34-41/User018b_test14_IDS_14_06-09-2019/User018b_test14_IDS_14_06-09-2019_recording0,18,14,5,TRUE,11121,10790,331
/root/autodl-tmp/EEG/src/Dissertation/Experiment Anonymised Version/User018a_Group_Test_06-09-2019--13-34-41/User018a_test9_BET_09_06-09-2019/User018a_test9_BET_09_06-09-2019_recording0,18,9,5,TRUE,16214,16046,168
/root/autodl-tmp/EEG/src/Dissertation/Experiment Anonymised Version/User018a_Group_Test_06-09-2019--13-34-41/User018a_test8_IET_08_06-09-2019/User018a_test8_IET_08_06-09-2019_recording0,18,8,5,TRUE,17165,17026,139
/root/autodl-tmp/EEG/src/Dissertation/Experiment Anonymised Version/User006a_Group_Test_02-09-2019--15-09-52/User006c_test8_IET_08_02-09-2019/User006c_test8_IET_08_02-09-2019_recording0,6,8,5,TRUE,15308,14441,867
/root/autodl-tmp/EEG/src/Dissertation/Experiment Anonymised Version/User006a_Group_Test_02-09-2019--15-09-52/User006c_test9_BET_09_02-09-2019/User006c_test9_BET_09_02-09-2019_recording0,6,9,5,TRUE,11625,10763,862
/root/autodl-tmp/EEG/src/Dissertation/Experiment Anonymised Version/User006a_Group_Test_02-09-2019--15-09-52/User006a_test2_IDT_02_02-09-2019/User006a_test2_IDT_02_02-09-2019_recording0,6,2,5,TRUE,9868,9457,411
/root/autodl-tmp/EEG/src/Dissertation/Experiment Anonymised Version/User006a_Group_Test_02-09-2019--15-09-52/User006b_test4_IES_04_02-09-2019/User006b_test4_IES_04_02-09-2019_recording0,6,4,5,TRUE,13883,13280,603
/root/autodl-tmp/EEG/src/Dissertation/Experiment Anonymised Version/User006a_Group_Test_02-09-2019--15-09-52/User006c_test10_IDT_10_02-09-2019/User006c_test10_IDT_10_02-09-2019_recording0,6,10,5,TRUE,7748,6874,874
/root/autodl-tmp/EEG/src/Dissertation/Experiment Anonymised Version/User006a_Group_Test_02-09-2019--15-09-52/User006b_test7_BDS_07_02-09-2019/User006b_test7_BDS_07_02-09-2019_recording0,6,7,5,TRUE,9845,9276,569
/root/autodl-tmp/EEG/src/Dissertation/Experiment Anonymised Version/User006a_Group_Test_02-09-2019--15-09-52/User006a_test1_BET_01_02-09-2019/User006a_test1_BET_01_02-09-2019_recording0,6,1,5,TRUE,12095,11662,433
/root/autodl-tmp/EEG/src/Dissertation/Experiment Anonymised Version/User006a_Group_Test_02-09-2019--15-09-52/User006b_test5_BES_05_02-09-2019/User006b_test5_BES_05_02-09-2019_recording0,6,5,5,TRUE,17201,16622,579
/root/autodl-tmp/EEG/src/Dissertation/Experiment Anonymised Version/User006a_Group_Test_02-09-2019--15-09-52/User006c_test11_BDT_11_02-09-2019/User006c_test11_BDT_11_02-09-2019_recording0,6,11,5,TRUE,9918,9195,723
/root/autodl-tmp/EEG/src/Dissertation/Experiment Anonymised Version/User006a_Group_Test_02-09-2019--15-09-52/User006a_test3_BDT_03_02-09-2019/User006a_test3_BDT_03_02-09-2019_recording0,6,3,5,TRUE,9675,9426,249
/root/autodl-tmp/EEG/src/Dissertation/Experiment Anonymised Version/User006a_Group_Test_02-09-2019--15-09-52/User006a_test0_IET_00_02-09-2019/User006a_test0_IET_00_02-09-2019_recording0,6,0,5,TRUE,9394,9019,375
/root/autodl-tmp/EEG/src/Dissertation/Experiment Anonymised Version/User006a_Group_Test_02-09-2019--15-09-52/User006b_test6_IDS_06_02-09-2019/User006b_test6_IDS_06_02-09-2019_recording0,6,6,5,TRUE,10785,10206,579
/root/autodl-tmp/EEG/src/Dissertation/Experiment Anonymised Version/User006a_Group_Test_02-09-2019--15-09-52/User006d_test13_BES_13_02-09-2019/User006d_test13_BES_13_02-09-2019_recording0,6,13,5,TRUE,11795,10770,1025
/root/autodl-tmp/EEG/src/Dissertation/Experiment Anonymised Version/User006a_Group_Test_02-09-2019--15-09-52/User006d_test15_BDS_15_02-09-2019/User006d_test15_BDS_15_02-09-2019_recording0,6,15,5,TRUE,5535,4920,615
/root/autodl-tmp/EEG/src/Dissertation/Experiment Anonymised Version/User006a_Group_Test_02-09-2019--15-09-52/User006d_test14_IDS_14_02-09-2019/User006d_test14_IDS_14_02-09-2019_recording0,6,14,5,TRUE,6339,5550,789
/root/autodl-tmp/EEG/src/Dissertation/Experiment Anonymised Version/User006a_Group_Test_02-09-2019--15-09-52/User006d_test12_IES_12_02-09-2019/User006d_test12_IES_12_02-09-2019_recording0,6,12,5,TRUE,21437,20302,1135
/root/autodl-tmp/EEG/src/Dissertation/Experiment Anonymised Version/User011a_Group_Test_04-09-2019--13-13-21/User011b_test7_BDS_07_04-09-2019/User011b_test7_BDS_07_04-09-2019_recording0,11,7,5,TRUE,13711,5514,8197
/root/autodl-tmp/EEG/src/Dissertation/Experiment Anonymised Version/User011a_Group_Test_04-09-2019--13-13-21/User011a_test1_BET_01_04-09-2019/User011a_test1_BET_01_04-09-2019_recording0,11,1,5,TRUE,13041,3082,9959
/root/autodl-tmp/EEG/src/Dissertation/Experiment Anonymised Version/User011a_Group_Test_04-09-2019--13-13-21/User011a_test2_IDT_02_04-09-2019/User011a_test2_IDT_02_04-09-2019_recording0,11,2,5,TRUE,12679,4172,8507
/root/autodl-tmp/EEG/src/Dissertation/Experiment Anonymised Version/User011a_Group_Test_04-09-2019--13-13-21/User011b_test4_IES_04_04-09-2019/User011b_test4_IES_04_04-09-2019_recording0,11,4,5,TRUE,18569,7430,11139
/root/autodl-tmp/EEG/src/Dissertation/Experiment Anonymised Version/User011a_Group_Test_04-09-2019--13-13-21/User011a_test0_IET_00_04-09-2019/User011a_test0_IET_00_04-09-2019_recording0,11,0,5,TRUE,11558,1730,9828
/root/autodl-tmp/EEG/src/Dissertation/Experiment Anonymised Version/User011a_Group_Test_04-09-2019--13-13-21/User011b_test6_IDS_06_04-09-2019/User011b_test6_IDS_06_04-09-2019_recording0,11,6,5,TRUE,18156,8424,9732
/root/autodl-tmp/EEG/src/Dissertation/Experiment Anonymised Version/User011a_Group_Test_04-09-2019--13-13-21/User011b_test5_BES_05_04-09-2019/User011b_test5_BES_05_04-09-2019_recording0,11,5,5,TRUE,20192,9445,10747
/root/autodl-tmp/EEG/src/Dissertation/Experiment Anonymised Version/User011a_Group_Test_04-09-2019--13-13-21/User011a_test3_BDT_03_04-09-2019/User011a_test3_BDT_03_04-09-2019_recording0,11,3,5,TRUE,10542,3500,7042
/root/autodl-tmp/EEG/src/Dissertation/Experiment Anonymised Version/User011a_Group_Test_04-09-2019--13-13-21/User011d_test15_BDS_15_04-09-2019/User011d_test15_BDS_15_04-09-2019_recording0,11,15,5,TRUE,18099,9309,8790
/root/autodl-tmp/EEG/src/Dissertation/Experiment Anonymised Version/User011a_Group_Test_04-09-2019--13-13-21/User011d_test13_BES_13_04-09-2019/User011d_test13_BES_13_04-09-2019_recording0,11,13,5,TRUE,17431,6566,10865
/root/autodl-tmp/EEG/src/Dissertation/Experiment Anonymised Version/User011a_Group_Test_04-09-2019--13-13-21/User011d_test12_IES_12_04-09-2019/User011d_test12_IES_12_04-09-2019_recording0,11,12,5,TRUE,3356,1838,1518
/root/autodl-tmp/EEG/src/Dissertation/Experiment Anonymised Version/User011a_Group_Test_04-09-2019--13-13-21/User011d_test14_IDS_14_04-09-2019/User011d_test14_IDS_14_04-09-2019_recording0,11,14,5,TRUE,16432,6542,9890
/root/autodl-tmp/EEG/src/Dissertation/Experiment Anonymised Version/User011a_Group_Test_04-09-2019--13-13-21/User011c_test8_IET_08_04-09-2019/User011c_test8_IET_08_04-09-2019_recording0,11,8,5,TRUE,16963,5046,11917
/root/autodl-tmp/EEG/src/Dissertation/Experiment Anonymised Version/User011a_Group_Test_04-09-2019--13-13-21/User011c_test10_IDT_10_04-09-2019/User011c_test10_IDT_10_04-09-2019_recording0,11,10,5,TRUE,9291,2721,6570
/root/autodl-tmp/EEG/src/Dissertation/Experiment Anonymised Version/User011a_Group_Test_04-09-2019--13-13-21/User011c_test9_BET_09_04-09-2019/User011c_test9_BET_09_04-09-2019_recording0,11,9,5,TRUE,13667,3681,9986
/root/autodl-tmp/EEG/src/Dissertation/Experiment Anonymised Version/User011a_Group_Test_04-09-2019--13-13-21/User011c_test11_BDT_11_04-09-2019/User011c_test11_BDT_11_04-09-2019_recording0,11,11,5,TRUE,11086,3768,7318
